{"mean": {"AL_index": -127.56660392758587, "SYM_H": -13.913727438804594, "f107_index": 129.0686568474838}, "std": {"AL_index": 160.18237525171043, "SYM_H": 22.091081125408927, "f107_index": 53.729811627786646}}