{"mean": {"AL_index": -127.31688397685512, "SYM_H": -13.887834466824613, "f107_index": 129.14385936186187}, "std": {"AL_index": 159.84036101004725, "SYM_H": 22.02635038624927, "f107_index": 53.90597577905246}}